-2,-9,07Qdz7dmrXwLpLdUKXr1XiBXWas=,K8b5gc3qq5u6kMfBCPcGX9FoIog=
-3,-9,07Qdz7dmrXwLpLdUKXr1XiBXWas=,K8b5gc3qq5u6kMfBCPcGX9FoIog=
-2,-8,07Qdz7dmrXwLpLdUKXr1XiBXWas=,K8b5gc3qq5u6kMfBCPcGX9FoIog=
-3,-8,07Qdz7dmrXwLpLdUKXr1XiBXWas=,K8b5gc3qq5u6kMfBCPcGX9FoIog=
-2,-6,07Qdz7dmrXwLpLdUKXr1XiBXWas=,S9P7X+UywIT81APTuaNkGnM53RQ=
-3,-4,07Qdz7dmrXwLpLdUKXr1XiBXWas=,zic/M6iHeRhunnALYWqwpXTbTzw=
-3,-6,07Qdz7dmrXwLpLdUKXr1XiBXWas=,xxEde/YH0U+NbkRWMDG9ZHDzBzM=
-3,-7,07Qdz7dmrXwLpLdUKXr1XiBXWas=,K8b5gc3qq5u6kMfBCPcGX9FoIog=
-2,-7,07Qdz7dmrXwLpLdUKXr1XiBXWas=,K8b5gc3qq5u6kMfBCPcGX9FoIog=
-3,-5,07Qdz7dmrXwLpLdUKXr1XiBXWas=,xxEde/YH0U+NbkRWMDG9ZHDzBzM=
-2,-4,07Qdz7dmrXwLpLdUKXr1XiBXWas=,eswtKj0eF9KNjAcDUllKxvCxb54=
-2,-5,07Qdz7dmrXwLpLdUKXr1XiBXWas=,S9P7X+UywIT81APTuaNkGnM53RQ=
-3,-2,07Qdz7dmrXwLpLdUKXr1XiBXWas=,7E1r0iamd6ULyTGI2W5zz98JGSI=
-2,-3,07Qdz7dmrXwLpLdUKXr1XiBXWas=,eswtKj0eF9KNjAcDUllKxvCxb54=
-2,-2,07Qdz7dmrXwLpLdUKXr1XiBXWas=,K8b5gc3qq5u6kMfBCPcGX9FoIog=
-3,-3,07Qdz7dmrXwLpLdUKXr1XiBXWas=,zic/M6iHeRhunnALYWqwpXTbTzw=
-5,-3,07Qdz7dmrXwLpLdUKXr1XiBXWas=,1eD69ZGOoOkL97wKpDmD2veXQU4=
-5,-4,07Qdz7dmrXwLpLdUKXr1XiBXWas=,1eD69ZGOoOkL97wKpDmD2veXQU4=
-5,-2,07Qdz7dmrXwLpLdUKXr1XiBXWas=,MNfsBHqPqqWyTSRD6d8jQbEltKs=
-4,-2,07Qdz7dmrXwLpLdUKXr1XiBXWas=,7E1r0iamd6ULyTGI2W5zz98JGSI=
-4,-3,07Qdz7dmrXwLpLdUKXr1XiBXWas=,zic/M6iHeRhunnALYWqwpXTbTzw=
-5,-5,07Qdz7dmrXwLpLdUKXr1XiBXWas=,Xo8ZEA38ZxfmLuIBETRAL8vv1bM=
-4,-5,07Qdz7dmrXwLpLdUKXr1XiBXWas=,xxEde/YH0U+NbkRWMDG9ZHDzBzM=
-4,-6,07Qdz7dmrXwLpLdUKXr1XiBXWas=,xxEde/YH0U+NbkRWMDG9ZHDzBzM=
-5,-6,07Qdz7dmrXwLpLdUKXr1XiBXWas=,Xo8ZEA38ZxfmLuIBETRAL8vv1bM=
-4,-7,07Qdz7dmrXwLpLdUKXr1XiBXWas=,K8b5gc3qq5u6kMfBCPcGX9FoIog=
-5,-7,07Qdz7dmrXwLpLdUKXr1XiBXWas=,Xo8ZEA38ZxfmLuIBETRAL8vv1bM=
-4,-8,07Qdz7dmrXwLpLdUKXr1XiBXWas=,K8b5gc3qq5u6kMfBCPcGX9FoIog=
-4,-4,07Qdz7dmrXwLpLdUKXr1XiBXWas=,zic/M6iHeRhunnALYWqwpXTbTzw=
-5,-9,07Qdz7dmrXwLpLdUKXr1XiBXWas=,K8b5gc3qq5u6kMfBCPcGX9FoIog=
-5,-8,07Qdz7dmrXwLpLdUKXr1XiBXWas=,Xo8ZEA38ZxfmLuIBETRAL8vv1bM=
-4,-9,07Qdz7dmrXwLpLdUKXr1XiBXWas=,K8b5gc3qq5u6kMfBCPcGX9FoIog=
-7,-6,07Qdz7dmrXwLpLdUKXr1XiBXWas=,Cx1u6atRuDHgegPpSpAOSMqjvBw=
-6,-6,07Qdz7dmrXwLpLdUKXr1XiBXWas=,Xo8ZEA38ZxfmLuIBETRAL8vv1bM=
-7,-7,07Qdz7dmrXwLpLdUKXr1XiBXWas=,kuZxS0EUf/oX/JHgVcCeQuaxqlM=
-6,-7,07Qdz7dmrXwLpLdUKXr1XiBXWas=,Xo8ZEA38ZxfmLuIBETRAL8vv1bM=
-8,-6,07Qdz7dmrXwLpLdUKXr1XiBXWas=,Cx1u6atRuDHgegPpSpAOSMqjvBw=
-9,-6,07Qdz7dmrXwLpLdUKXr1XiBXWas=,KGWZjDOHZf7aQAcrj4jG27gWClg=
-8,-7,07Qdz7dmrXwLpLdUKXr1XiBXWas=,kuZxS0EUf/oX/JHgVcCeQuaxqlM=
-9,-7,TkQFBp0sVQqRWi5tTrAjSNYInpc=,kuZxS0EUf/oX/JHgVcCeQuaxqlM=
-10,-6,TkQFBp0sVQqRWi5tTrAjSNYInpc=,KGWZjDOHZf7aQAcrj4jG27gWClg=
-11,-6,TkQFBp0sVQqRWi5tTrAjSNYInpc=,kuZxS0EUf/oX/JHgVcCeQuaxqlM=
-10,-7,TkQFBp0sVQqRWi5tTrAjSNYInpc=,kuZxS0EUf/oX/JHgVcCeQuaxqlM=
-11,-7,TkQFBp0sVQqRWi5tTrAjSNYInpc=,kuZxS0EUf/oX/JHgVcCeQuaxqlM=
-12,-4,TkQFBp0sVQqRWi5tTrAjSNYInpc=,K8b5gc3qq5u6kMfBCPcGX9FoIog=
-12,-5,TkQFBp0sVQqRWi5tTrAjSNYInpc=,kuZxS0EUf/oX/JHgVcCeQuaxqlM=
-13,-5,TkQFBp0sVQqRWi5tTrAjSNYInpc=,kuZxS0EUf/oX/JHgVcCeQuaxqlM=
-13,-4,TkQFBp0sVQqRWi5tTrAjSNYInpc=,K8b5gc3qq5u6kMfBCPcGX9FoIog=
-15,-4,TkQFBp0sVQqRWi5tTrAjSNYInpc=,K8b5gc3qq5u6kMfBCPcGX9FoIog=
-15,-5,TkQFBp0sVQqRWi5tTrAjSNYInpc=,GdaU8UKGGcMwL0yDH2KLN7yOh3w=
-14,-5,TkQFBp0sVQqRWi5tTrAjSNYInpc=,kuZxS0EUf/oX/JHgVcCeQuaxqlM=
-14,-4,TkQFBp0sVQqRWi5tTrAjSNYInpc=,K8b5gc3qq5u6kMfBCPcGX9FoIog=
-15,-2,TkQFBp0sVQqRWi5tTrAjSNYInpc=,K8b5gc3qq5u6kMfBCPcGX9FoIog=
-15,-3,TkQFBp0sVQqRWi5tTrAjSNYInpc=,K8b5gc3qq5u6kMfBCPcGX9FoIog=
-12,-3,TkQFBp0sVQqRWi5tTrAjSNYInpc=,K8b5gc3qq5u6kMfBCPcGX9FoIog=
-14,-2,TkQFBp0sVQqRWi5tTrAjSNYInpc=,K8b5gc3qq5u6kMfBCPcGX9FoIog=
-12,-2,TkQFBp0sVQqRWi5tTrAjSNYInpc=,K8b5gc3qq5u6kMfBCPcGX9FoIog=
-14,-3,TkQFBp0sVQqRWi5tTrAjSNYInpc=,K8b5gc3qq5u6kMfBCPcGX9FoIog=
-13,-2,TkQFBp0sVQqRWi5tTrAjSNYInpc=,K8b5gc3qq5u6kMfBCPcGX9FoIog=
-13,-3,TkQFBp0sVQqRWi5tTrAjSNYInpc=,K8b5gc3qq5u6kMfBCPcGX9FoIog=
-15,-6,TkQFBp0sVQqRWi5tTrAjSNYInpc=,GdaU8UKGGcMwL0yDH2KLN7yOh3w=
-13,-7,TkQFBp0sVQqRWi5tTrAjSNYInpc=,kuZxS0EUf/oX/JHgVcCeQuaxqlM=
-12,-7,TkQFBp0sVQqRWi5tTrAjSNYInpc=,kuZxS0EUf/oX/JHgVcCeQuaxqlM=
-15,-7,TkQFBp0sVQqRWi5tTrAjSNYInpc=,GdaU8UKGGcMwL0yDH2KLN7yOh3w=
-15,-8,TkQFBp0sVQqRWi5tTrAjSNYInpc=,GdaU8UKGGcMwL0yDH2KLN7yOh3w=
-12,-6,TkQFBp0sVQqRWi5tTrAjSNYInpc=,kuZxS0EUf/oX/JHgVcCeQuaxqlM=
-15,-9,TkQFBp0sVQqRWi5tTrAjSNYInpc=,GdaU8UKGGcMwL0yDH2KLN7yOh3w=
-14,-6,TkQFBp0sVQqRWi5tTrAjSNYInpc=,kuZxS0EUf/oX/JHgVcCeQuaxqlM=
-14,-8,TkQFBp0sVQqRWi5tTrAjSNYInpc=,kuZxS0EUf/oX/JHgVcCeQuaxqlM=
-14,-9,TkQFBp0sVQqRWi5tTrAjSNYInpc=,kuZxS0EUf/oX/JHgVcCeQuaxqlM=
-13,-6,TkQFBp0sVQqRWi5tTrAjSNYInpc=,kuZxS0EUf/oX/JHgVcCeQuaxqlM=
-15,-10,TkQFBp0sVQqRWi5tTrAjSNYInpc=,GdaU8UKGGcMwL0yDH2KLN7yOh3w=
-14,-10,TkQFBp0sVQqRWi5tTrAjSNYInpc=,kuZxS0EUf/oX/JHgVcCeQuaxqlM=
-14,-7,TkQFBp0sVQqRWi5tTrAjSNYInpc=,kuZxS0EUf/oX/JHgVcCeQuaxqlM=
-15,-11,TkQFBp0sVQqRWi5tTrAjSNYInpc=,kuZxS0EUf/oX/JHgVcCeQuaxqlM=
-14,-11,TkQFBp0sVQqRWi5tTrAjSNYInpc=,kuZxS0EUf/oX/JHgVcCeQuaxqlM=
-15,-12,TkQFBp0sVQqRWi5tTrAjSNYInpc=,kuZxS0EUf/oX/JHgVcCeQuaxqlM=
-14,-12,TkQFBp0sVQqRWi5tTrAjSNYInpc=,kuZxS0EUf/oX/JHgVcCeQuaxqlM=
-14,-13,TkQFBp0sVQqRWi5tTrAjSNYInpc=,kuZxS0EUf/oX/JHgVcCeQuaxqlM=
-15,-13,ktTTEaKRIDcOuY64YGIbvWRs+Go=,kuZxS0EUf/oX/JHgVcCeQuaxqlM=
-14,-15,ktTTEaKRIDcOuY64YGIbvWRs+Go=,kuZxS0EUf/oX/JHgVcCeQuaxqlM=
-14,-14,ktTTEaKRIDcOuY64YGIbvWRs+Go=,kuZxS0EUf/oX/JHgVcCeQuaxqlM=
-15,-14,ktTTEaKRIDcOuY64YGIbvWRs+Go=,kuZxS0EUf/oX/JHgVcCeQuaxqlM=
-12,-14,ktTTEaKRIDcOuY64YGIbvWRs+Go=,kuZxS0EUf/oX/JHgVcCeQuaxqlM=
-15,-15,ktTTEaKRIDcOuY64YGIbvWRs+Go=,kuZxS0EUf/oX/JHgVcCeQuaxqlM=
-12,-15,ktTTEaKRIDcOuY64YGIbvWRs+Go=,kuZxS0EUf/oX/JHgVcCeQuaxqlM=
-13,-15,ktTTEaKRIDcOuY64YGIbvWRs+Go=,kuZxS0EUf/oX/JHgVcCeQuaxqlM=
-13,-14,ktTTEaKRIDcOuY64YGIbvWRs+Go=,kuZxS0EUf/oX/JHgVcCeQuaxqlM=
-10,-14,ktTTEaKRIDcOuY64YGIbvWRs+Go=,kuZxS0EUf/oX/JHgVcCeQuaxqlM=
-11,-14,ktTTEaKRIDcOuY64YGIbvWRs+Go=,kuZxS0EUf/oX/JHgVcCeQuaxqlM=
-11,-15,ktTTEaKRIDcOuY64YGIbvWRs+Go=,kuZxS0EUf/oX/JHgVcCeQuaxqlM=
-10,-15,ktTTEaKRIDcOuY64YGIbvWRs+Go=,kuZxS0EUf/oX/JHgVcCeQuaxqlM=
-8,-12,ktTTEaKRIDcOuY64YGIbvWRs+Go=,kuZxS0EUf/oX/JHgVcCeQuaxqlM=
-8,-13,ktTTEaKRIDcOuY64YGIbvWRs+Go=,kuZxS0EUf/oX/JHgVcCeQuaxqlM=
-9,-13,ktTTEaKRIDcOuY64YGIbvWRs+Go=,kuZxS0EUf/oX/JHgVcCeQuaxqlM=
-10,-12,ktTTEaKRIDcOuY64YGIbvWRs+Go=,kuZxS0EUf/oX/JHgVcCeQuaxqlM=
-12,-12,ktTTEaKRIDcOuY64YGIbvWRs+Go=,kuZxS0EUf/oX/JHgVcCeQuaxqlM=
-11,-12,ktTTEaKRIDcOuY64YGIbvWRs+Go=,kuZxS0EUf/oX/JHgVcCeQuaxqlM=
-12,-10,ktTTEaKRIDcOuY64YGIbvWRs+Go=,kuZxS0EUf/oX/JHgVcCeQuaxqlM=
-12,-13,ktTTEaKRIDcOuY64YGIbvWRs+Go=,kuZxS0EUf/oX/JHgVcCeQuaxqlM=
-11,-13,ktTTEaKRIDcOuY64YGIbvWRs+Go=,kuZxS0EUf/oX/JHgVcCeQuaxqlM=
-12,-11,ktTTEaKRIDcOuY64YGIbvWRs+Go=,kuZxS0EUf/oX/JHgVcCeQuaxqlM=
-13,-12,ktTTEaKRIDcOuY64YGIbvWRs+Go=,kuZxS0EUf/oX/JHgVcCeQuaxqlM=
-13,-9,ktTTEaKRIDcOuY64YGIbvWRs+Go=,kuZxS0EUf/oX/JHgVcCeQuaxqlM=
-10,-10,ktTTEaKRIDcOuY64YGIbvWRs+Go=,kuZxS0EUf/oX/JHgVcCeQuaxqlM=
-13,-8,ktTTEaKRIDcOuY64YGIbvWRs+Go=,kuZxS0EUf/oX/JHgVcCeQuaxqlM=
-11,-8,ktTTEaKRIDcOuY64YGIbvWRs+Go=,kuZxS0EUf/oX/JHgVcCeQuaxqlM=
-13,-10,ktTTEaKRIDcOuY64YGIbvWRs+Go=,kuZxS0EUf/oX/JHgVcCeQuaxqlM=
-13,-13,ktTTEaKRIDcOuY64YGIbvWRs+Go=,kuZxS0EUf/oX/JHgVcCeQuaxqlM=
-11,-11,ktTTEaKRIDcOuY64YGIbvWRs+Go=,kuZxS0EUf/oX/JHgVcCeQuaxqlM=
-11,-9,ktTTEaKRIDcOuY64YGIbvWRs+Go=,kuZxS0EUf/oX/JHgVcCeQuaxqlM=
-11,-10,ktTTEaKRIDcOuY64YGIbvWRs+Go=,kuZxS0EUf/oX/JHgVcCeQuaxqlM=
-10,-11,ktTTEaKRIDcOuY64YGIbvWRs+Go=,kuZxS0EUf/oX/JHgVcCeQuaxqlM=
-13,-11,ktTTEaKRIDcOuY64YGIbvWRs+Go=,kuZxS0EUf/oX/JHgVcCeQuaxqlM=
-12,-9,ktTTEaKRIDcOuY64YGIbvWRs+Go=,kuZxS0EUf/oX/JHgVcCeQuaxqlM=
-10,-8,ktTTEaKRIDcOuY64YGIbvWRs+Go=,kuZxS0EUf/oX/JHgVcCeQuaxqlM=
-10,-9,ktTTEaKRIDcOuY64YGIbvWRs+Go=,kuZxS0EUf/oX/JHgVcCeQuaxqlM=
-10,-13,ktTTEaKRIDcOuY64YGIbvWRs+Go=,kuZxS0EUf/oX/JHgVcCeQuaxqlM=
-12,-8,ktTTEaKRIDcOuY64YGIbvWRs+Go=,kuZxS0EUf/oX/JHgVcCeQuaxqlM=
-8,-8,ktTTEaKRIDcOuY64YGIbvWRs+Go=,kuZxS0EUf/oX/JHgVcCeQuaxqlM=
-9,-11,ktTTEaKRIDcOuY64YGIbvWRs+Go=,kuZxS0EUf/oX/JHgVcCeQuaxqlM=
-9,-8,ktTTEaKRIDcOuY64YGIbvWRs+Go=,kuZxS0EUf/oX/JHgVcCeQuaxqlM=
-6,-8,ktTTEaKRIDcOuY64YGIbvWRs+Go=,Xo8ZEA38ZxfmLuIBETRAL8vv1bM=
-7,-9,ktTTEaKRIDcOuY64YGIbvWRs+Go=,kuZxS0EUf/oX/JHgVcCeQuaxqlM=
-9,-9,ktTTEaKRIDcOuY64YGIbvWRs+Go=,kuZxS0EUf/oX/JHgVcCeQuaxqlM=
-9,-12,ktTTEaKRIDcOuY64YGIbvWRs+Go=,kuZxS0EUf/oX/JHgVcCeQuaxqlM=
-1,-9,ktTTEaKRIDcOuY64YGIbvWRs+Go=,K8b5gc3qq5u6kMfBCPcGX9FoIog=
-6,-9,ktTTEaKRIDcOuY64YGIbvWRs+Go=,K8b5gc3qq5u6kMfBCPcGX9FoIog=
-2,-10,ktTTEaKRIDcOuY64YGIbvWRs+Go=,K8b5gc3qq5u6kMfBCPcGX9FoIog=
-7,-8,ktTTEaKRIDcOuY64YGIbvWRs+Go=,kuZxS0EUf/oX/JHgVcCeQuaxqlM=
-9,-10,ktTTEaKRIDcOuY64YGIbvWRs+Go=,kuZxS0EUf/oX/JHgVcCeQuaxqlM=
-1,-6,ktTTEaKRIDcOuY64YGIbvWRs+Go=,S9P7X+UywIT81APTuaNkGnM53RQ=
-1,-11,ktTTEaKRIDcOuY64YGIbvWRs+Go=,K8b5gc3qq5u6kMfBCPcGX9FoIog=
-3,-12,ktTTEaKRIDcOuY64YGIbvWRs+Go=,K8b5gc3qq5u6kMfBCPcGX9FoIog=
-8,-10,ktTTEaKRIDcOuY64YGIbvWRs+Go=,kuZxS0EUf/oX/JHgVcCeQuaxqlM=
-8,-11,ktTTEaKRIDcOuY64YGIbvWRs+Go=,kuZxS0EUf/oX/JHgVcCeQuaxqlM=
-2,-11,ktTTEaKRIDcOuY64YGIbvWRs+Go=,K8b5gc3qq5u6kMfBCPcGX9FoIog=
-2,-12,ktTTEaKRIDcOuY64YGIbvWRs+Go=,K8b5gc3qq5u6kMfBCPcGX9FoIog=
-3,-11,ktTTEaKRIDcOuY64YGIbvWRs+Go=,K8b5gc3qq5u6kMfBCPcGX9FoIog=
-8,-9,ktTTEaKRIDcOuY64YGIbvWRs+Go=,kuZxS0EUf/oX/JHgVcCeQuaxqlM=
-1,-7,ktTTEaKRIDcOuY64YGIbvWRs+Go=,K8b5gc3qq5u6kMfBCPcGX9FoIog=
-1,-10,ktTTEaKRIDcOuY64YGIbvWRs+Go=,K8b5gc3qq5u6kMfBCPcGX9FoIog=
-3,-10,ktTTEaKRIDcOuY64YGIbvWRs+Go=,K8b5gc3qq5u6kMfBCPcGX9FoIog=
-1,-8,ktTTEaKRIDcOuY64YGIbvWRs+Go=,K8b5gc3qq5u6kMfBCPcGX9FoIog=
-1,-4,ktTTEaKRIDcOuY64YGIbvWRs+Go=,eswtKj0eF9KNjAcDUllKxvCxb54=
-1,-5,ktTTEaKRIDcOuY64YGIbvWRs+Go=,S9P7X+UywIT81APTuaNkGnM53RQ=
-1,-3,ktTTEaKRIDcOuY64YGIbvWRs+Go=,eswtKj0eF9KNjAcDUllKxvCxb54=
-1,-2,ktTTEaKRIDcOuY64YGIbvWRs+Go=,K8b5gc3qq5u6kMfBCPcGX9FoIog=
-2,-1,ktTTEaKRIDcOuY64YGIbvWRs+Go=,K8b5gc3qq5u6kMfBCPcGX9FoIog=
-3,-1,ktTTEaKRIDcOuY64YGIbvWRs+Go=,7E1r0iamd6ULyTGI2W5zz98JGSI=
-6,-10,ktTTEaKRIDcOuY64YGIbvWRs+Go=,K8b5gc3qq5u6kMfBCPcGX9FoIog=
-5,-1,ktTTEaKRIDcOuY64YGIbvWRs+Go=,MNfsBHqPqqWyTSRD6d8jQbEltKs=
-4,-12,ktTTEaKRIDcOuY64YGIbvWRs+Go=,K8b5gc3qq5u6kMfBCPcGX9FoIog=
-5,-10,ktTTEaKRIDcOuY64YGIbvWRs+Go=,K8b5gc3qq5u6kMfBCPcGX9FoIog=
-4,-1,ktTTEaKRIDcOuY64YGIbvWRs+Go=,7E1r0iamd6ULyTGI2W5zz98JGSI=
-7,-12,ktTTEaKRIDcOuY64YGIbvWRs+Go=,kuZxS0EUf/oX/JHgVcCeQuaxqlM=
-7,-11,ktTTEaKRIDcOuY64YGIbvWRs+Go=,kuZxS0EUf/oX/JHgVcCeQuaxqlM=
-7,-13,ktTTEaKRIDcOuY64YGIbvWRs+Go=,kuZxS0EUf/oX/JHgVcCeQuaxqlM=
-6,-13,ktTTEaKRIDcOuY64YGIbvWRs+Go=,kuZxS0EUf/oX/JHgVcCeQuaxqlM=
-6,-12,ktTTEaKRIDcOuY64YGIbvWRs+Go=,K8b5gc3qq5u6kMfBCPcGX9FoIog=
-4,-11,ktTTEaKRIDcOuY64YGIbvWRs+Go=,K8b5gc3qq5u6kMfBCPcGX9FoIog=
-7,-10,ktTTEaKRIDcOuY64YGIbvWRs+Go=,kuZxS0EUf/oX/JHgVcCeQuaxqlM=
-4,-10,ktTTEaKRIDcOuY64YGIbvWRs+Go=,K8b5gc3qq5u6kMfBCPcGX9FoIog=
-5,-12,ktTTEaKRIDcOuY64YGIbvWRs+Go=,K8b5gc3qq5u6kMfBCPcGX9FoIog=
-5,-11,ktTTEaKRIDcOuY64YGIbvWRs+Go=,K8b5gc3qq5u6kMfBCPcGX9FoIog=
-6,-4,ktTTEaKRIDcOuY64YGIbvWRs+Go=,1eD69ZGOoOkL97wKpDmD2veXQU4=
-5,-13,ktTTEaKRIDcOuY64YGIbvWRs+Go=,kuZxS0EUf/oX/JHgVcCeQuaxqlM=
-6,-3,ktTTEaKRIDcOuY64YGIbvWRs+Go=,1eD69ZGOoOkL97wKpDmD2veXQU4=
-6,-5,ktTTEaKRIDcOuY64YGIbvWRs+Go=,Xo8ZEA38ZxfmLuIBETRAL8vv1bM=
-7,-2,ktTTEaKRIDcOuY64YGIbvWRs+Go=,pI55TYrzokhR5UtqP65/8V3uLq4=
-10,-5,ktTTEaKRIDcOuY64YGIbvWRs+Go=,KGWZjDOHZf7aQAcrj4jG27gWClg=
-6,-2,ktTTEaKRIDcOuY64YGIbvWRs+Go=,MNfsBHqPqqWyTSRD6d8jQbEltKs=
-6,-11,ktTTEaKRIDcOuY64YGIbvWRs+Go=,K8b5gc3qq5u6kMfBCPcGX9FoIog=
-7,-4,ktTTEaKRIDcOuY64YGIbvWRs+Go=,aDeGSeJ3DBHIh0190xwo4NkRHu8=
-7,-3,ktTTEaKRIDcOuY64YGIbvWRs+Go=,aDeGSeJ3DBHIh0190xwo4NkRHu8=
-8,-4,ktTTEaKRIDcOuY64YGIbvWRs+Go=,aDeGSeJ3DBHIh0190xwo4NkRHu8=
-11,-4,ktTTEaKRIDcOuY64YGIbvWRs+Go=,K8b5gc3qq5u6kMfBCPcGX9FoIog=
-9,-5,ktTTEaKRIDcOuY64YGIbvWRs+Go=,KGWZjDOHZf7aQAcrj4jG27gWClg=
-7,-5,ktTTEaKRIDcOuY64YGIbvWRs+Go=,Cx1u6atRuDHgegPpSpAOSMqjvBw=
-8,-5,ktTTEaKRIDcOuY64YGIbvWRs+Go=,Cx1u6atRuDHgegPpSpAOSMqjvBw=
-11,-5,ktTTEaKRIDcOuY64YGIbvWRs+Go=,kuZxS0EUf/oX/JHgVcCeQuaxqlM=
-9,-4,ktTTEaKRIDcOuY64YGIbvWRs+Go=,h6fp598jb/U+VsNa7SyXMqe3xkM=
-10,-4,ktTTEaKRIDcOuY64YGIbvWRs+Go=,h6fp598jb/U+VsNa7SyXMqe3xkM=
-6,-14,ktTTEaKRIDcOuY64YGIbvWRs+Go=,kuZxS0EUf/oX/JHgVcCeQuaxqlM=
-9,-15,ktTTEaKRIDcOuY64YGIbvWRs+Go=,kuZxS0EUf/oX/JHgVcCeQuaxqlM=
-7,-14,ktTTEaKRIDcOuY64YGIbvWRs+Go=,kuZxS0EUf/oX/JHgVcCeQuaxqlM=
-16,-12,ktTTEaKRIDcOuY64YGIbvWRs+Go=,kuZxS0EUf/oX/JHgVcCeQuaxqlM=
-16,-13,ktTTEaKRIDcOuY64YGIbvWRs+Go=,kuZxS0EUf/oX/JHgVcCeQuaxqlM=
-8,-14,ktTTEaKRIDcOuY64YGIbvWRs+Go=,kuZxS0EUf/oX/JHgVcCeQuaxqlM=
-12,-1,ktTTEaKRIDcOuY64YGIbvWRs+Go=,K8b5gc3qq5u6kMfBCPcGX9FoIog=
-15,-1,ktTTEaKRIDcOuY64YGIbvWRs+Go=,K8b5gc3qq5u6kMfBCPcGX9FoIog=
-9,-14,ktTTEaKRIDcOuY64YGIbvWRs+Go=,kuZxS0EUf/oX/JHgVcCeQuaxqlM=
-14,-1,ktTTEaKRIDcOuY64YGIbvWRs+Go=,K8b5gc3qq5u6kMfBCPcGX9FoIog=
-16,-14,ktTTEaKRIDcOuY64YGIbvWRs+Go=,kuZxS0EUf/oX/JHgVcCeQuaxqlM=
-13,-1,ktTTEaKRIDcOuY64YGIbvWRs+Go=,K8b5gc3qq5u6kMfBCPcGX9FoIog=
-7,-15,ktTTEaKRIDcOuY64YGIbvWRs+Go=,kuZxS0EUf/oX/JHgVcCeQuaxqlM=
-11,-3,ktTTEaKRIDcOuY64YGIbvWRs+Go=,K8b5gc3qq5u6kMfBCPcGX9FoIog=
-8,-15,ktTTEaKRIDcOuY64YGIbvWRs+Go=,kuZxS0EUf/oX/JHgVcCeQuaxqlM=
-11,-1,ktTTEaKRIDcOuY64YGIbvWRs+Go=,K8b5gc3qq5u6kMfBCPcGX9FoIog=
-7,-1,ktTTEaKRIDcOuY64YGIbvWRs+Go=,pI55TYrzokhR5UtqP65/8V3uLq4=
-11,-2,ktTTEaKRIDcOuY64YGIbvWRs+Go=,K8b5gc3qq5u6kMfBCPcGX9FoIog=
-16,-15,ktTTEaKRIDcOuY64YGIbvWRs+Go=,kuZxS0EUf/oX/JHgVcCeQuaxqlM=
-9,-2,ktTTEaKRIDcOuY64YGIbvWRs+Go=,h6fp598jb/U+VsNa7SyXMqe3xkM=
-10,-1,ktTTEaKRIDcOuY64YGIbvWRs+Go=,h6fp598jb/U+VsNa7SyXMqe3xkM=
-10,-2,ktTTEaKRIDcOuY64YGIbvWRs+Go=,h6fp598jb/U+VsNa7SyXMqe3xkM=
-9,-1,ktTTEaKRIDcOuY64YGIbvWRs+Go=,h6fp598jb/U+VsNa7SyXMqe3xkM=
-10,-3,ktTTEaKRIDcOuY64YGIbvWRs+Go=,h6fp598jb/U+VsNa7SyXMqe3xkM=
-9,-3,ktTTEaKRIDcOuY64YGIbvWRs+Go=,h6fp598jb/U+VsNa7SyXMqe3xkM=
-12,-16,ktTTEaKRIDcOuY64YGIbvWRs+Go=,kuZxS0EUf/oX/JHgVcCeQuaxqlM=
-13,-16,ktTTEaKRIDcOuY64YGIbvWRs+Go=,kuZxS0EUf/oX/JHgVcCeQuaxqlM=
-8,-2,ktTTEaKRIDcOuY64YGIbvWRs+Go=,pI55TYrzokhR5UtqP65/8V3uLq4=
-10,-16,ktTTEaKRIDcOuY64YGIbvWRs+Go=,kuZxS0EUf/oX/JHgVcCeQuaxqlM=
-11,-16,ktTTEaKRIDcOuY64YGIbvWRs+Go=,kuZxS0EUf/oX/JHgVcCeQuaxqlM=
-8,-16,ktTTEaKRIDcOuY64YGIbvWRs+Go=,kuZxS0EUf/oX/JHgVcCeQuaxqlM=
-9,-16,ktTTEaKRIDcOuY64YGIbvWRs+Go=,kuZxS0EUf/oX/JHgVcCeQuaxqlM=
-1,-12,ktTTEaKRIDcOuY64YGIbvWRs+Go=,K8b5gc3qq5u6kMfBCPcGX9FoIog=
-7,-16,ktTTEaKRIDcOuY64YGIbvWRs+Go=,kuZxS0EUf/oX/JHgVcCeQuaxqlM=
-5,-14,ktTTEaKRIDcOuY64YGIbvWRs+Go=,kuZxS0EUf/oX/JHgVcCeQuaxqlM=
-6,-1,ktTTEaKRIDcOuY64YGIbvWRs+Go=,MNfsBHqPqqWyTSRD6d8jQbEltKs=
-8,-1,ktTTEaKRIDcOuY64YGIbvWRs+Go=,pI55TYrzokhR5UtqP65/8V3uLq4=
-16,-6,ktTTEaKRIDcOuY64YGIbvWRs+Go=,GdaU8UKGGcMwL0yDH2KLN7yOh3w=
-8,-3,ktTTEaKRIDcOuY64YGIbvWRs+Go=,aDeGSeJ3DBHIh0190xwo4NkRHu8=
-16,-4,ktTTEaKRIDcOuY64YGIbvWRs+Go=,K8b5gc3qq5u6kMfBCPcGX9FoIog=
-16,-7,ktTTEaKRIDcOuY64YGIbvWRs+Go=,GdaU8UKGGcMwL0yDH2KLN7yOh3w=
-14,-16,ktTTEaKRIDcOuY64YGIbvWRs+Go=,kuZxS0EUf/oX/JHgVcCeQuaxqlM=
-16,-5,ktTTEaKRIDcOuY64YGIbvWRs+Go=,GdaU8UKGGcMwL0yDH2KLN7yOh3w=
-16,-11,ktTTEaKRIDcOuY64YGIbvWRs+Go=,kuZxS0EUf/oX/JHgVcCeQuaxqlM=
-16,-1,ktTTEaKRIDcOuY64YGIbvWRs+Go=,K8b5gc3qq5u6kMfBCPcGX9FoIog=
-15,-16,ktTTEaKRIDcOuY64YGIbvWRs+Go=,kuZxS0EUf/oX/JHgVcCeQuaxqlM=
-16,-16,ktTTEaKRIDcOuY64YGIbvWRs+Go=,kuZxS0EUf/oX/JHgVcCeQuaxqlM=
-16,-2,ktTTEaKRIDcOuY64YGIbvWRs+Go=,K8b5gc3qq5u6kMfBCPcGX9FoIog=
-16,-3,ktTTEaKRIDcOuY64YGIbvWRs+Go=,K8b5gc3qq5u6kMfBCPcGX9FoIog=
-1,-1,ktTTEaKRIDcOuY64YGIbvWRs+Go=,K8b5gc3qq5u6kMfBCPcGX9FoIog=
-16,-8,ktTTEaKRIDcOuY64YGIbvWRs+Go=,GdaU8UKGGcMwL0yDH2KLN7yOh3w=
-16,-10,ktTTEaKRIDcOuY64YGIbvWRs+Go=,GdaU8UKGGcMwL0yDH2KLN7yOh3w=
-16,-9,ktTTEaKRIDcOuY64YGIbvWRs+Go=,GdaU8UKGGcMwL0yDH2KLN7yOh3w=
-13,-18,1nMgtH0eGhi12hOHcbGWr7wXSdE=,kuZxS0EUf/oX/JHgVcCeQuaxqlM=
-13,-19,1nMgtH0eGhi12hOHcbGWr7wXSdE=,kuZxS0EUf/oX/JHgVcCeQuaxqlM=
-13,-17,1nMgtH0eGhi12hOHcbGWr7wXSdE=,kuZxS0EUf/oX/JHgVcCeQuaxqlM=
-13,-20,1nMgtH0eGhi12hOHcbGWr7wXSdE=,kuZxS0EUf/oX/JHgVcCeQuaxqlM=
-13,-21,1nMgtH0eGhi12hOHcbGWr7wXSdE=,kuZxS0EUf/oX/JHgVcCeQuaxqlM=
-13,-22,1nMgtH0eGhi12hOHcbGWr7wXSdE=,kuZxS0EUf/oX/JHgVcCeQuaxqlM=
-16,-22,1nMgtH0eGhi12hOHcbGWr7wXSdE=,kuZxS0EUf/oX/JHgVcCeQuaxqlM=
-14,-22,1nMgtH0eGhi12hOHcbGWr7wXSdE=,kuZxS0EUf/oX/JHgVcCeQuaxqlM=
-15,-22,1nMgtH0eGhi12hOHcbGWr7wXSdE=,kuZxS0EUf/oX/JHgVcCeQuaxqlM=
-14,-17,1nMgtH0eGhi12hOHcbGWr7wXSdE=,kuZxS0EUf/oX/JHgVcCeQuaxqlM=
-15,-17,1nMgtH0eGhi12hOHcbGWr7wXSdE=,kuZxS0EUf/oX/JHgVcCeQuaxqlM=
-14,-19,1nMgtH0eGhi12hOHcbGWr7wXSdE=,kuZxS0EUf/oX/JHgVcCeQuaxqlM=
-14,-18,1nMgtH0eGhi12hOHcbGWr7wXSdE=,kuZxS0EUf/oX/JHgVcCeQuaxqlM=
-14,-21,1nMgtH0eGhi12hOHcbGWr7wXSdE=,kuZxS0EUf/oX/JHgVcCeQuaxqlM=
-14,-20,1nMgtH0eGhi12hOHcbGWr7wXSdE=,kuZxS0EUf/oX/JHgVcCeQuaxqlM=
-15,-18,1nMgtH0eGhi12hOHcbGWr7wXSdE=,kuZxS0EUf/oX/JHgVcCeQuaxqlM=
-15,-21,1nMgtH0eGhi12hOHcbGWr7wXSdE=,kuZxS0EUf/oX/JHgVcCeQuaxqlM=
-15,-19,1nMgtH0eGhi12hOHcbGWr7wXSdE=,kuZxS0EUf/oX/JHgVcCeQuaxqlM=
-15,-20,1nMgtH0eGhi12hOHcbGWr7wXSdE=,kuZxS0EUf/oX/JHgVcCeQuaxqlM=
-16,-19,1nMgtH0eGhi12hOHcbGWr7wXSdE=,kuZxS0EUf/oX/JHgVcCeQuaxqlM=
-16,-17,1nMgtH0eGhi12hOHcbGWr7wXSdE=,kuZxS0EUf/oX/JHgVcCeQuaxqlM=
-16,-20,1nMgtH0eGhi12hOHcbGWr7wXSdE=,kuZxS0EUf/oX/JHgVcCeQuaxqlM=
-16,-21,1nMgtH0eGhi12hOHcbGWr7wXSdE=,kuZxS0EUf/oX/JHgVcCeQuaxqlM=
-16,-18,1nMgtH0eGhi12hOHcbGWr7wXSdE=,kuZxS0EUf/oX/JHgVcCeQuaxqlM=
-25,-18,1nMgtH0eGhi12hOHcbGWr7wXSdE=,kuZxS0EUf/oX/JHgVcCeQuaxqlM=
-20,-18,1nMgtH0eGhi12hOHcbGWr7wXSdE=,kuZxS0EUf/oX/JHgVcCeQuaxqlM=
-23,-18,1nMgtH0eGhi12hOHcbGWr7wXSdE=,kuZxS0EUf/oX/JHgVcCeQuaxqlM=
-22,-18,1nMgtH0eGhi12hOHcbGWr7wXSdE=,kuZxS0EUf/oX/JHgVcCeQuaxqlM=
-21,-18,1nMgtH0eGhi12hOHcbGWr7wXSdE=,kuZxS0EUf/oX/JHgVcCeQuaxqlM=
-22,-19,1nMgtH0eGhi12hOHcbGWr7wXSdE=,kuZxS0EUf/oX/JHgVcCeQuaxqlM=
-20,-19,1nMgtH0eGhi12hOHcbGWr7wXSdE=,kuZxS0EUf/oX/JHgVcCeQuaxqlM=
-23,-19,1nMgtH0eGhi12hOHcbGWr7wXSdE=,kuZxS0EUf/oX/JHgVcCeQuaxqlM=
-21,-19,1nMgtH0eGhi12hOHcbGWr7wXSdE=,kuZxS0EUf/oX/JHgVcCeQuaxqlM=
-24,-18,1nMgtH0eGhi12hOHcbGWr7wXSdE=,kuZxS0EUf/oX/JHgVcCeQuaxqlM=
-24,-19,1nMgtH0eGhi12hOHcbGWr7wXSdE=,kuZxS0EUf/oX/JHgVcCeQuaxqlM=
-25,-19,1nMgtH0eGhi12hOHcbGWr7wXSdE=,kuZxS0EUf/oX/JHgVcCeQuaxqlM=
-18,-18,1nMgtH0eGhi12hOHcbGWr7wXSdE=,kuZxS0EUf/oX/JHgVcCeQuaxqlM=
-19,-19,1nMgtH0eGhi12hOHcbGWr7wXSdE=,kuZxS0EUf/oX/JHgVcCeQuaxqlM=
-18,-19,1nMgtH0eGhi12hOHcbGWr7wXSdE=,kuZxS0EUf/oX/JHgVcCeQuaxqlM=
-19,-18,1nMgtH0eGhi12hOHcbGWr7wXSdE=,kuZxS0EUf/oX/JHgVcCeQuaxqlM=
-19,-21,1nMgtH0eGhi12hOHcbGWr7wXSdE=,kuZxS0EUf/oX/JHgVcCeQuaxqlM=
-18,-23,LQDa+r7bcJiYIdiBNaL28yKPXmQ=,kuZxS0EUf/oX/JHgVcCeQuaxqlM=
-18,-22,LQDa+r7bcJiYIdiBNaL28yKPXmQ=,kuZxS0EUf/oX/JHgVcCeQuaxqlM=
-19,-23,LQDa+r7bcJiYIdiBNaL28yKPXmQ=,kuZxS0EUf/oX/JHgVcCeQuaxqlM=
-20,-20,LQDa+r7bcJiYIdiBNaL28yKPXmQ=,kuZxS0EUf/oX/JHgVcCeQuaxqlM=
-19,-22,LQDa+r7bcJiYIdiBNaL28yKPXmQ=,kuZxS0EUf/oX/JHgVcCeQuaxqlM=
-21,-21,LQDa+r7bcJiYIdiBNaL28yKPXmQ=,kuZxS0EUf/oX/JHgVcCeQuaxqlM=
-20,-21,LQDa+r7bcJiYIdiBNaL28yKPXmQ=,kuZxS0EUf/oX/JHgVcCeQuaxqlM=
-21,-20,LQDa+r7bcJiYIdiBNaL28yKPXmQ=,kuZxS0EUf/oX/JHgVcCeQuaxqlM=
-18,-20,LQDa+r7bcJiYIdiBNaL28yKPXmQ=,kuZxS0EUf/oX/JHgVcCeQuaxqlM=
-19,-20,LQDa+r7bcJiYIdiBNaL28yKPXmQ=,kuZxS0EUf/oX/JHgVcCeQuaxqlM=
-18,-21,LQDa+r7bcJiYIdiBNaL28yKPXmQ=,kuZxS0EUf/oX/JHgVcCeQuaxqlM=
-21,-22,LQDa+r7bcJiYIdiBNaL28yKPXmQ=,kuZxS0EUf/oX/JHgVcCeQuaxqlM=
-20,-23,LQDa+r7bcJiYIdiBNaL28yKPXmQ=,kuZxS0EUf/oX/JHgVcCeQuaxqlM=
-20,-22,LQDa+r7bcJiYIdiBNaL28yKPXmQ=,kuZxS0EUf/oX/JHgVcCeQuaxqlM=
-21,-23,LQDa+r7bcJiYIdiBNaL28yKPXmQ=,kuZxS0EUf/oX/JHgVcCeQuaxqlM=
-22,-25,LQDa+r7bcJiYIdiBNaL28yKPXmQ=,kuZxS0EUf/oX/JHgVcCeQuaxqlM=
-23,-24,LQDa+r7bcJiYIdiBNaL28yKPXmQ=,kuZxS0EUf/oX/JHgVcCeQuaxqlM=
-22,-24,LQDa+r7bcJiYIdiBNaL28yKPXmQ=,kuZxS0EUf/oX/JHgVcCeQuaxqlM=
-17,-23,LQDa+r7bcJiYIdiBNaL28yKPXmQ=,kuZxS0EUf/oX/JHgVcCeQuaxqlM=
-23,-25,LQDa+r7bcJiYIdiBNaL28yKPXmQ=,kuZxS0EUf/oX/JHgVcCeQuaxqlM=
-17,-22,LQDa+r7bcJiYIdiBNaL28yKPXmQ=,kuZxS0EUf/oX/JHgVcCeQuaxqlM=
-24,-26,LQDa+r7bcJiYIdiBNaL28yKPXmQ=,kuZxS0EUf/oX/JHgVcCeQuaxqlM=
-26,-24,LQDa+r7bcJiYIdiBNaL28yKPXmQ=,kuZxS0EUf/oX/JHgVcCeQuaxqlM=
-17,-20,LQDa+r7bcJiYIdiBNaL28yKPXmQ=,kuZxS0EUf/oX/JHgVcCeQuaxqlM=
-25,-25,LQDa+r7bcJiYIdiBNaL28yKPXmQ=,kuZxS0EUf/oX/JHgVcCeQuaxqlM=
-26,-25,LQDa+r7bcJiYIdiBNaL28yKPXmQ=,kuZxS0EUf/oX/JHgVcCeQuaxqlM=
-24,-25,LQDa+r7bcJiYIdiBNaL28yKPXmQ=,kuZxS0EUf/oX/JHgVcCeQuaxqlM=
-24,-24,LQDa+r7bcJiYIdiBNaL28yKPXmQ=,kuZxS0EUf/oX/JHgVcCeQuaxqlM=
-26,-26,LQDa+r7bcJiYIdiBNaL28yKPXmQ=,kuZxS0EUf/oX/JHgVcCeQuaxqlM=
-25,-26,LQDa+r7bcJiYIdiBNaL28yKPXmQ=,kuZxS0EUf/oX/JHgVcCeQuaxqlM=
-26,-23,LQDa+r7bcJiYIdiBNaL28yKPXmQ=,kuZxS0EUf/oX/JHgVcCeQuaxqlM=
-26,-20,LQDa+r7bcJiYIdiBNaL28yKPXmQ=,kuZxS0EUf/oX/JHgVcCeQuaxqlM=
-20,-17,LQDa+r7bcJiYIdiBNaL28yKPXmQ=,kuZxS0EUf/oX/JHgVcCeQuaxqlM=
-26,-21,LQDa+r7bcJiYIdiBNaL28yKPXmQ=,kuZxS0EUf/oX/JHgVcCeQuaxqlM=
-26,-22,LQDa+r7bcJiYIdiBNaL28yKPXmQ=,kuZxS0EUf/oX/JHgVcCeQuaxqlM=
-21,-17,LQDa+r7bcJiYIdiBNaL28yKPXmQ=,kuZxS0EUf/oX/JHgVcCeQuaxqlM=
-22,-17,LQDa+r7bcJiYIdiBNaL28yKPXmQ=,kuZxS0EUf/oX/JHgVcCeQuaxqlM=
-23,-17,LQDa+r7bcJiYIdiBNaL28yKPXmQ=,kuZxS0EUf/oX/JHgVcCeQuaxqlM=
-23,-26,LQDa+r7bcJiYIdiBNaL28yKPXmQ=,kuZxS0EUf/oX/JHgVcCeQuaxqlM=
-22,-26,LQDa+r7bcJiYIdiBNaL28yKPXmQ=,kuZxS0EUf/oX/JHgVcCeQuaxqlM=
-25,-17,LQDa+r7bcJiYIdiBNaL28yKPXmQ=,kuZxS0EUf/oX/JHgVcCeQuaxqlM=
-24,-17,LQDa+r7bcJiYIdiBNaL28yKPXmQ=,kuZxS0EUf/oX/JHgVcCeQuaxqlM=
-26,-18,LQDa+r7bcJiYIdiBNaL28yKPXmQ=,kuZxS0EUf/oX/JHgVcCeQuaxqlM=
-26,-19,LQDa+r7bcJiYIdiBNaL28yKPXmQ=,kuZxS0EUf/oX/JHgVcCeQuaxqlM=
-17,-24,LQDa+r7bcJiYIdiBNaL28yKPXmQ=,kuZxS0EUf/oX/JHgVcCeQuaxqlM=
-17,-21,LQDa+r7bcJiYIdiBNaL28yKPXmQ=,kuZxS0EUf/oX/JHgVcCeQuaxqlM=
-26,-17,LQDa+r7bcJiYIdiBNaL28yKPXmQ=,kuZxS0EUf/oX/JHgVcCeQuaxqlM=
-19,-17,LQDa+r7bcJiYIdiBNaL28yKPXmQ=,kuZxS0EUf/oX/JHgVcCeQuaxqlM=
-20,-24,LQDa+r7bcJiYIdiBNaL28yKPXmQ=,kuZxS0EUf/oX/JHgVcCeQuaxqlM=
-19,-24,LQDa+r7bcJiYIdiBNaL28yKPXmQ=,kuZxS0EUf/oX/JHgVcCeQuaxqlM=
-21,-26,LQDa+r7bcJiYIdiBNaL28yKPXmQ=,kuZxS0EUf/oX/JHgVcCeQuaxqlM=
-20,-25,LQDa+r7bcJiYIdiBNaL28yKPXmQ=,kuZxS0EUf/oX/JHgVcCeQuaxqlM=
-19,-25,LQDa+r7bcJiYIdiBNaL28yKPXmQ=,kuZxS0EUf/oX/JHgVcCeQuaxqlM=
-19,-26,LQDa+r7bcJiYIdiBNaL28yKPXmQ=,kuZxS0EUf/oX/JHgVcCeQuaxqlM=
-21,-25,LQDa+r7bcJiYIdiBNaL28yKPXmQ=,kuZxS0EUf/oX/JHgVcCeQuaxqlM=
-18,-24,LQDa+r7bcJiYIdiBNaL28yKPXmQ=,kuZxS0EUf/oX/JHgVcCeQuaxqlM=
-20,-26,LQDa+r7bcJiYIdiBNaL28yKPXmQ=,kuZxS0EUf/oX/JHgVcCeQuaxqlM=
-17,-19,LQDa+r7bcJiYIdiBNaL28yKPXmQ=,kuZxS0EUf/oX/JHgVcCeQuaxqlM=
-25,-24,LQDa+r7bcJiYIdiBNaL28yKPXmQ=,kuZxS0EUf/oX/JHgVcCeQuaxqlM=
-25,-23,LQDa+r7bcJiYIdiBNaL28yKPXmQ=,kuZxS0EUf/oX/JHgVcCeQuaxqlM=
-17,-18,LQDa+r7bcJiYIdiBNaL28yKPXmQ=,kuZxS0EUf/oX/JHgVcCeQuaxqlM=
-24,-20,LQDa+r7bcJiYIdiBNaL28yKPXmQ=,kuZxS0EUf/oX/JHgVcCeQuaxqlM=
-21,-24,LQDa+r7bcJiYIdiBNaL28yKPXmQ=,kuZxS0EUf/oX/JHgVcCeQuaxqlM=
-24,-21,LQDa+r7bcJiYIdiBNaL28yKPXmQ=,kuZxS0EUf/oX/JHgVcCeQuaxqlM=
-25,-22,LQDa+r7bcJiYIdiBNaL28yKPXmQ=,kuZxS0EUf/oX/JHgVcCeQuaxqlM=
-24,-22,LQDa+r7bcJiYIdiBNaL28yKPXmQ=,kuZxS0EUf/oX/JHgVcCeQuaxqlM=
-23,-23,LQDa+r7bcJiYIdiBNaL28yKPXmQ=,kuZxS0EUf/oX/JHgVcCeQuaxqlM=
-25,-21,LQDa+r7bcJiYIdiBNaL28yKPXmQ=,kuZxS0EUf/oX/JHgVcCeQuaxqlM=
-23,-21,LQDa+r7bcJiYIdiBNaL28yKPXmQ=,kuZxS0EUf/oX/JHgVcCeQuaxqlM=
-23,-22,LQDa+r7bcJiYIdiBNaL28yKPXmQ=,kuZxS0EUf/oX/JHgVcCeQuaxqlM=
-24,-23,LQDa+r7bcJiYIdiBNaL28yKPXmQ=,kuZxS0EUf/oX/JHgVcCeQuaxqlM=
-17,-17,LQDa+r7bcJiYIdiBNaL28yKPXmQ=,kuZxS0EUf/oX/JHgVcCeQuaxqlM=
-18,-17,LQDa+r7bcJiYIdiBNaL28yKPXmQ=,kuZxS0EUf/oX/JHgVcCeQuaxqlM=
-22,-20,LQDa+r7bcJiYIdiBNaL28yKPXmQ=,kuZxS0EUf/oX/JHgVcCeQuaxqlM=
-22,-22,LQDa+r7bcJiYIdiBNaL28yKPXmQ=,kuZxS0EUf/oX/JHgVcCeQuaxqlM=
-25,-20,LQDa+r7bcJiYIdiBNaL28yKPXmQ=,kuZxS0EUf/oX/JHgVcCeQuaxqlM=
-23,-20,LQDa+r7bcJiYIdiBNaL28yKPXmQ=,kuZxS0EUf/oX/JHgVcCeQuaxqlM=
-22,-23,LQDa+r7bcJiYIdiBNaL28yKPXmQ=,kuZxS0EUf/oX/JHgVcCeQuaxqlM=
-22,-21,LQDa+r7bcJiYIdiBNaL28yKPXmQ=,kuZxS0EUf/oX/JHgVcCeQuaxqlM=
-18,-14,LQDa+r7bcJiYIdiBNaL28yKPXmQ=,kuZxS0EUf/oX/JHgVcCeQuaxqlM=
-19,-15,LQDa+r7bcJiYIdiBNaL28yKPXmQ=,kuZxS0EUf/oX/JHgVcCeQuaxqlM=
-18,-15,LQDa+r7bcJiYIdiBNaL28yKPXmQ=,kuZxS0EUf/oX/JHgVcCeQuaxqlM=
-17,-8,LQDa+r7bcJiYIdiBNaL28yKPXmQ=,GdaU8UKGGcMwL0yDH2KLN7yOh3w=
-17,-9,LQDa+r7bcJiYIdiBNaL28yKPXmQ=,GdaU8UKGGcMwL0yDH2KLN7yOh3w=
-19,-3,LQDa+r7bcJiYIdiBNaL28yKPXmQ=,K8b5gc3qq5u6kMfBCPcGX9FoIog=
-18,-2,LQDa+r7bcJiYIdiBNaL28yKPXmQ=,K8b5gc3qq5u6kMfBCPcGX9FoIog=
-18,-3,LQDa+r7bcJiYIdiBNaL28yKPXmQ=,K8b5gc3qq5u6kMfBCPcGX9FoIog=
-19,-2,LQDa+r7bcJiYIdiBNaL28yKPXmQ=,K8b5gc3qq5u6kMfBCPcGX9FoIog=
-21,-3,LQDa+r7bcJiYIdiBNaL28yKPXmQ=,K8b5gc3qq5u6kMfBCPcGX9FoIog=
-20,-2,LQDa+r7bcJiYIdiBNaL28yKPXmQ=,K8b5gc3qq5u6kMfBCPcGX9FoIog=
-20,-3,LQDa+r7bcJiYIdiBNaL28yKPXmQ=,K8b5gc3qq5u6kMfBCPcGX9FoIog=
-21,-2,LQDa+r7bcJiYIdiBNaL28yKPXmQ=,K8b5gc3qq5u6kMfBCPcGX9FoIog=
-22,-3,LQDa+r7bcJiYIdiBNaL28yKPXmQ=,K8b5gc3qq5u6kMfBCPcGX9FoIog=
-22,-2,LQDa+r7bcJiYIdiBNaL28yKPXmQ=,K8b5gc3qq5u6kMfBCPcGX9FoIog=
-23,-3,LQDa+r7bcJiYIdiBNaL28yKPXmQ=,K8b5gc3qq5u6kMfBCPcGX9FoIog=
-23,-2,LQDa+r7bcJiYIdiBNaL28yKPXmQ=,ss1mbveGEj8XgT07A0HUIyY0ouY=
-27,-4,LQDa+r7bcJiYIdiBNaL28yKPXmQ=,ss1mbveGEj8XgT07A0HUIyY0ouY=
-17,-4,LQDa+r7bcJiYIdiBNaL28yKPXmQ=,K8b5gc3qq5u6kMfBCPcGX9FoIog=
-26,-4,LQDa+r7bcJiYIdiBNaL28yKPXmQ=,ss1mbveGEj8XgT07A0HUIyY0ouY=
-17,-5,LQDa+r7bcJiYIdiBNaL28yKPXmQ=,GdaU8UKGGcMwL0yDH2KLN7yOh3w=
-17,-3,LQDa+r7bcJiYIdiBNaL28yKPXmQ=,K8b5gc3qq5u6kMfBCPcGX9FoIog=
-17,-13,LQDa+r7bcJiYIdiBNaL28yKPXmQ=,kuZxS0EUf/oX/JHgVcCeQuaxqlM=
-17,-6,LQDa+r7bcJiYIdiBNaL28yKPXmQ=,GdaU8UKGGcMwL0yDH2KLN7yOh3w=
-20,-1,LQDa+r7bcJiYIdiBNaL28yKPXmQ=,K8b5gc3qq5u6kMfBCPcGX9FoIog=
-17,-11,LQDa+r7bcJiYIdiBNaL28yKPXmQ=,GdaU8UKGGcMwL0yDH2KLN7yOh3w=
-23,-1,LQDa+r7bcJiYIdiBNaL28yKPXmQ=,ss1mbveGEj8XgT07A0HUIyY0ouY=
-19,-1,LQDa+r7bcJiYIdiBNaL28yKPXmQ=,K8b5gc3qq5u6kMfBCPcGX9FoIog=
-22,-1,LQDa+r7bcJiYIdiBNaL28yKPXmQ=,K8b5gc3qq5u6kMfBCPcGX9FoIog=
-17,-14,LQDa+r7bcJiYIdiBNaL28yKPXmQ=,kuZxS0EUf/oX/JHgVcCeQuaxqlM=
-18,-1,LQDa+r7bcJiYIdiBNaL28yKPXmQ=,K8b5gc3qq5u6kMfBCPcGX9FoIog=
-17,-12,LQDa+r7bcJiYIdiBNaL28yKPXmQ=,GdaU8UKGGcMwL0yDH2KLN7yOh3w=
-18,-12,LQDa+r7bcJiYIdiBNaL28yKPXmQ=,GdaU8UKGGcMwL0yDH2KLN7yOh3w=
-18,-11,LQDa+r7bcJiYIdiBNaL28yKPXmQ=,GdaU8UKGGcMwL0yDH2KLN7yOh3w=
-18,-13,LQDa+r7bcJiYIdiBNaL28yKPXmQ=,kuZxS0EUf/oX/JHgVcCeQuaxqlM=
-18,-10,LQDa+r7bcJiYIdiBNaL28yKPXmQ=,GdaU8UKGGcMwL0yDH2KLN7yOh3w=
-18,-7,LQDa+r7bcJiYIdiBNaL28yKPXmQ=,GdaU8UKGGcMwL0yDH2KLN7yOh3w=
-18,-4,LQDa+r7bcJiYIdiBNaL28yKPXmQ=,K8b5gc3qq5u6kMfBCPcGX9FoIog=
-18,-5,LQDa+r7bcJiYIdiBNaL28yKPXmQ=,GdaU8UKGGcMwL0yDH2KLN7yOh3w=
-18,-6,LQDa+r7bcJiYIdiBNaL28yKPXmQ=,GdaU8UKGGcMwL0yDH2KLN7yOh3w=
-18,-8,LQDa+r7bcJiYIdiBNaL28yKPXmQ=,GdaU8UKGGcMwL0yDH2KLN7yOh3w=
-18,-9,LQDa+r7bcJiYIdiBNaL28yKPXmQ=,GdaU8UKGGcMwL0yDH2KLN7yOh3w=
-19,-4,LQDa+r7bcJiYIdiBNaL28yKPXmQ=,K8b5gc3qq5u6kMfBCPcGX9FoIog=
-20,-4,LQDa+r7bcJiYIdiBNaL28yKPXmQ=,K8b5gc3qq5u6kMfBCPcGX9FoIog=
-21,-4,LQDa+r7bcJiYIdiBNaL28yKPXmQ=,K8b5gc3qq5u6kMfBCPcGX9FoIog=
-28,-3,LQDa+r7bcJiYIdiBNaL28yKPXmQ=,ss1mbveGEj8XgT07A0HUIyY0ouY=
-17,-15,LQDa+r7bcJiYIdiBNaL28yKPXmQ=,kuZxS0EUf/oX/JHgVcCeQuaxqlM=
-28,-1,LQDa+r7bcJiYIdiBNaL28yKPXmQ=,ss1mbveGEj8XgT07A0HUIyY0ouY=
-24,-4,LQDa+r7bcJiYIdiBNaL28yKPXmQ=,K8b5gc3qq5u6kMfBCPcGX9FoIog=
-25,-4,LQDa+r7bcJiYIdiBNaL28yKPXmQ=,ss1mbveGEj8XgT07A0HUIyY0ouY=
-28,-2,LQDa+r7bcJiYIdiBNaL28yKPXmQ=,ss1mbveGEj8XgT07A0HUIyY0ouY=
-23,-4,LQDa+r7bcJiYIdiBNaL28yKPXmQ=,K8b5gc3qq5u6kMfBCPcGX9FoIog=
-20,-15,LQDa+r7bcJiYIdiBNaL28yKPXmQ=,kuZxS0EUf/oX/JHgVcCeQuaxqlM=
-20,-16,LQDa+r7bcJiYIdiBNaL28yKPXmQ=,kuZxS0EUf/oX/JHgVcCeQuaxqlM=
-19,-16,LQDa+r7bcJiYIdiBNaL28yKPXmQ=,kuZxS0EUf/oX/JHgVcCeQuaxqlM=
-28,-4,LQDa+r7bcJiYIdiBNaL28yKPXmQ=,ss1mbveGEj8XgT07A0HUIyY0ouY=
-22,-4,LQDa+r7bcJiYIdiBNaL28yKPXmQ=,K8b5gc3qq5u6kMfBCPcGX9FoIog=
-21,-1,LQDa+r7bcJiYIdiBNaL28yKPXmQ=,K8b5gc3qq5u6kMfBCPcGX9FoIog=
-17,-2,LQDa+r7bcJiYIdiBNaL28yKPXmQ=,K8b5gc3qq5u6kMfBCPcGX9FoIog=
-17,-10,LQDa+r7bcJiYIdiBNaL28yKPXmQ=,GdaU8UKGGcMwL0yDH2KLN7yOh3w=
-18,-16,LQDa+r7bcJiYIdiBNaL28yKPXmQ=,kuZxS0EUf/oX/JHgVcCeQuaxqlM=
-17,-7,LQDa+r7bcJiYIdiBNaL28yKPXmQ=,GdaU8UKGGcMwL0yDH2KLN7yOh3w=
-27,-3,LQDa+r7bcJiYIdiBNaL28yKPXmQ=,ss1mbveGEj8XgT07A0HUIyY0ouY=
-17,-16,LQDa+r7bcJiYIdiBNaL28yKPXmQ=,kuZxS0EUf/oX/JHgVcCeQuaxqlM=
-27,-2,LQDa+r7bcJiYIdiBNaL28yKPXmQ=,ss1mbveGEj8XgT07A0HUIyY0ouY=
-17,-1,LQDa+r7bcJiYIdiBNaL28yKPXmQ=,K8b5gc3qq5u6kMfBCPcGX9FoIog=
-26,-3,LQDa+r7bcJiYIdiBNaL28yKPXmQ=,ss1mbveGEj8XgT07A0HUIyY0ouY=
-25,-3,LQDa+r7bcJiYIdiBNaL28yKPXmQ=,ss1mbveGEj8XgT07A0HUIyY0ouY=
-27,-1,LQDa+r7bcJiYIdiBNaL28yKPXmQ=,ss1mbveGEj8XgT07A0HUIyY0ouY=
-24,-1,LQDa+r7bcJiYIdiBNaL28yKPXmQ=,ss1mbveGEj8XgT07A0HUIyY0ouY=
-24,-3,LQDa+r7bcJiYIdiBNaL28yKPXmQ=,K8b5gc3qq5u6kMfBCPcGX9FoIog=
-24,-2,LQDa+r7bcJiYIdiBNaL28yKPXmQ=,ss1mbveGEj8XgT07A0HUIyY0ouY=
-25,-1,LQDa+r7bcJiYIdiBNaL28yKPXmQ=,ss1mbveGEj8XgT07A0HUIyY0ouY=
-26,-2,LQDa+r7bcJiYIdiBNaL28yKPXmQ=,ss1mbveGEj8XgT07A0HUIyY0ouY=
-25,-2,LQDa+r7bcJiYIdiBNaL28yKPXmQ=,ss1mbveGEj8XgT07A0HUIyY0ouY=
-26,-1,LQDa+r7bcJiYIdiBNaL28yKPXmQ=,ss1mbveGEj8XgT07A0HUIyY0ouY=
