34,-6,9uqwDNUTPIPusUHQtIpFAy1xlTQ=,GcyrfyEUEEj36LtIax0WCJK4z9E=
33,-7,9uqwDNUTPIPusUHQtIpFAy1xlTQ=,GcyrfyEUEEj36LtIax0WCJK4z9E=
34,-7,9uqwDNUTPIPusUHQtIpFAy1xlTQ=,GcyrfyEUEEj36LtIax0WCJK4z9E=
33,-6,9uqwDNUTPIPusUHQtIpFAy1xlTQ=,GcyrfyEUEEj36LtIax0WCJK4z9E=
35,-6,9uqwDNUTPIPusUHQtIpFAy1xlTQ=,GcyrfyEUEEj36LtIax0WCJK4z9E=
36,-6,9uqwDNUTPIPusUHQtIpFAy1xlTQ=,GcyrfyEUEEj36LtIax0WCJK4z9E=
35,-7,9uqwDNUTPIPusUHQtIpFAy1xlTQ=,GcyrfyEUEEj36LtIax0WCJK4z9E=
37,-7,9uqwDNUTPIPusUHQtIpFAy1xlTQ=,GcyrfyEUEEj36LtIax0WCJK4z9E=
36,-7,9uqwDNUTPIPusUHQtIpFAy1xlTQ=,GcyrfyEUEEj36LtIax0WCJK4z9E=
37,-6,9uqwDNUTPIPusUHQtIpFAy1xlTQ=,GcyrfyEUEEj36LtIax0WCJK4z9E=
37,-5,9uqwDNUTPIPusUHQtIpFAy1xlTQ=,GcyrfyEUEEj36LtIax0WCJK4z9E=
38,-7,9uqwDNUTPIPusUHQtIpFAy1xlTQ=,GcyrfyEUEEj36LtIax0WCJK4z9E=
38,-6,9uqwDNUTPIPusUHQtIpFAy1xlTQ=,GcyrfyEUEEj36LtIax0WCJK4z9E=
37,-4,9uqwDNUTPIPusUHQtIpFAy1xlTQ=,GcyrfyEUEEj36LtIax0WCJK4z9E=
38,-5,9uqwDNUTPIPusUHQtIpFAy1xlTQ=,GcyrfyEUEEj36LtIax0WCJK4z9E=
40,-4,9uqwDNUTPIPusUHQtIpFAy1xlTQ=,GcyrfyEUEEj36LtIax0WCJK4z9E=
38,-4,9uqwDNUTPIPusUHQtIpFAy1xlTQ=,GcyrfyEUEEj36LtIax0WCJK4z9E=
39,-4,9uqwDNUTPIPusUHQtIpFAy1xlTQ=,GcyrfyEUEEj36LtIax0WCJK4z9E=
39,-5,9uqwDNUTPIPusUHQtIpFAy1xlTQ=,GcyrfyEUEEj36LtIax0WCJK4z9E=
40,-5,9uqwDNUTPIPusUHQtIpFAy1xlTQ=,GcyrfyEUEEj36LtIax0WCJK4z9E=
34,-8,9uqwDNUTPIPusUHQtIpFAy1xlTQ=,GcyrfyEUEEj36LtIax0WCJK4z9E=
36,-4,9uqwDNUTPIPusUHQtIpFAy1xlTQ=,GcyrfyEUEEj36LtIax0WCJK4z9E=
33,-8,9uqwDNUTPIPusUHQtIpFAy1xlTQ=,GcyrfyEUEEj36LtIax0WCJK4z9E=
35,-5,9uqwDNUTPIPusUHQtIpFAy1xlTQ=,GcyrfyEUEEj36LtIax0WCJK4z9E=
34,-10,9uqwDNUTPIPusUHQtIpFAy1xlTQ=,GcyrfyEUEEj36LtIax0WCJK4z9E=
34,-9,9uqwDNUTPIPusUHQtIpFAy1xlTQ=,GcyrfyEUEEj36LtIax0WCJK4z9E=
34,-5,9uqwDNUTPIPusUHQtIpFAy1xlTQ=,GcyrfyEUEEj36LtIax0WCJK4z9E=
40,-8,9uqwDNUTPIPusUHQtIpFAy1xlTQ=,GcyrfyEUEEj36LtIax0WCJK4z9E=
37,-3,9uqwDNUTPIPusUHQtIpFAy1xlTQ=,GcyrfyEUEEj36LtIax0WCJK4z9E=
38,-3,9uqwDNUTPIPusUHQtIpFAy1xlTQ=,GcyrfyEUEEj36LtIax0WCJK4z9E=
40,-3,9uqwDNUTPIPusUHQtIpFAy1xlTQ=,GcyrfyEUEEj36LtIax0WCJK4z9E=
33,-5,9uqwDNUTPIPusUHQtIpFAy1xlTQ=,GcyrfyEUEEj36LtIax0WCJK4z9E=
39,-3,9uqwDNUTPIPusUHQtIpFAy1xlTQ=,GcyrfyEUEEj36LtIax0WCJK4z9E=
39,-8,9uqwDNUTPIPusUHQtIpFAy1xlTQ=,GcyrfyEUEEj36LtIax0WCJK4z9E=
41,-8,9uqwDNUTPIPusUHQtIpFAy1xlTQ=,GcyrfyEUEEj36LtIax0WCJK4z9E=
33,-4,9uqwDNUTPIPusUHQtIpFAy1xlTQ=,GcyrfyEUEEj36LtIax0WCJK4z9E=
41,-3,9uqwDNUTPIPusUHQtIpFAy1xlTQ=,GcyrfyEUEEj36LtIax0WCJK4z9E=
39,-9,9uqwDNUTPIPusUHQtIpFAy1xlTQ=,GcyrfyEUEEj36LtIax0WCJK4z9E=
33,-3,9uqwDNUTPIPusUHQtIpFAy1xlTQ=,GcyrfyEUEEj36LtIax0WCJK4z9E=
39,-10,9uqwDNUTPIPusUHQtIpFAy1xlTQ=,GcyrfyEUEEj36LtIax0WCJK4z9E=
41,-4,9uqwDNUTPIPusUHQtIpFAy1xlTQ=,GcyrfyEUEEj36LtIax0WCJK4z9E=
36,-3,9uqwDNUTPIPusUHQtIpFAy1xlTQ=,GcyrfyEUEEj36LtIax0WCJK4z9E=
36,-5,9uqwDNUTPIPusUHQtIpFAy1xlTQ=,GcyrfyEUEEj36LtIax0WCJK4z9E=
41,-7,9uqwDNUTPIPusUHQtIpFAy1xlTQ=,GcyrfyEUEEj36LtIax0WCJK4z9E=
32,-4,9uqwDNUTPIPusUHQtIpFAy1xlTQ=,GcyrfyEUEEj36LtIax0WCJK4z9E=
41,-6,9uqwDNUTPIPusUHQtIpFAy1xlTQ=,GcyrfyEUEEj36LtIax0WCJK4z9E=
32,-3,9uqwDNUTPIPusUHQtIpFAy1xlTQ=,GcyrfyEUEEj36LtIax0WCJK4z9E=
35,-10,9uqwDNUTPIPusUHQtIpFAy1xlTQ=,GcyrfyEUEEj36LtIax0WCJK4z9E=
38,-10,9uqwDNUTPIPusUHQtIpFAy1xlTQ=,GcyrfyEUEEj36LtIax0WCJK4z9E=
37,-10,9uqwDNUTPIPusUHQtIpFAy1xlTQ=,GcyrfyEUEEj36LtIax0WCJK4z9E=
32,-8,9uqwDNUTPIPusUHQtIpFAy1xlTQ=,GcyrfyEUEEj36LtIax0WCJK4z9E=
40,-7,9uqwDNUTPIPusUHQtIpFAy1xlTQ=,GcyrfyEUEEj36LtIax0WCJK4z9E=
41,-5,9uqwDNUTPIPusUHQtIpFAy1xlTQ=,GcyrfyEUEEj36LtIax0WCJK4z9E=
38,-9,9uqwDNUTPIPusUHQtIpFAy1xlTQ=,GcyrfyEUEEj36LtIax0WCJK4z9E=
40,-6,9uqwDNUTPIPusUHQtIpFAy1xlTQ=,GcyrfyEUEEj36LtIax0WCJK4z9E=
35,-9,9uqwDNUTPIPusUHQtIpFAy1xlTQ=,GcyrfyEUEEj36LtIax0WCJK4z9E=
39,-7,9uqwDNUTPIPusUHQtIpFAy1xlTQ=,GcyrfyEUEEj36LtIax0WCJK4z9E=
39,-6,9uqwDNUTPIPusUHQtIpFAy1xlTQ=,GcyrfyEUEEj36LtIax0WCJK4z9E=
36,-10,9uqwDNUTPIPusUHQtIpFAy1xlTQ=,GcyrfyEUEEj36LtIax0WCJK4z9E=
32,-5,9uqwDNUTPIPusUHQtIpFAy1xlTQ=,GcyrfyEUEEj36LtIax0WCJK4z9E=
37,-9,9uqwDNUTPIPusUHQtIpFAy1xlTQ=,GcyrfyEUEEj36LtIax0WCJK4z9E=
38,-8,9uqwDNUTPIPusUHQtIpFAy1xlTQ=,GcyrfyEUEEj36LtIax0WCJK4z9E=
35,-8,9uqwDNUTPIPusUHQtIpFAy1xlTQ=,GcyrfyEUEEj36LtIax0WCJK4z9E=
36,-8,9uqwDNUTPIPusUHQtIpFAy1xlTQ=,GcyrfyEUEEj36LtIax0WCJK4z9E=
32,-7,9uqwDNUTPIPusUHQtIpFAy1xlTQ=,GcyrfyEUEEj36LtIax0WCJK4z9E=
32,-6,9uqwDNUTPIPusUHQtIpFAy1xlTQ=,GcyrfyEUEEj36LtIax0WCJK4z9E=
37,-8,9uqwDNUTPIPusUHQtIpFAy1xlTQ=,GcyrfyEUEEj36LtIax0WCJK4z9E=
36,-9,9uqwDNUTPIPusUHQtIpFAy1xlTQ=,GcyrfyEUEEj36LtIax0WCJK4z9E=
